State,StateName,0,1,2,3,4,5,6,7,8,9,10,11,12,13,14,15,16,17,18,19,20,21,22,23,24,25,26,27,28,29,30,31,32,33,34,35,36,37,38,39,40,41,42,43,44,45,46,47,48,49,50,51,52,53
AK,Alaska,0.643842826,5.135705937,16.46241858,26.65591317,37.4153333,43.93851369,47.08254448,50.20743768,52.02277372,54.2495677,56.57341654,65.94672918,83.32638457,101.6246437,120.9959743,150.4254694,191.5904011,248.7693853,327.0762564,434.7155677,548.1357948,618.124654,697.8381371,763.9215633,830.8634465,906.789056,983.5936272,1060.983261,1159.19048,1293.641539,1468.379936,1659.423549,1952.013888,2318.927749,2759.228756,3311.503735,3852.375452,4434.763412,5096.786937,5641.739059,6010.156586,6252.539488,6564.267407,6848.968963,7073.131523,7253.220239,7399.857835,7558.660096,7691.412012,7829.007101,7956.662953,8089.708767,8219.316652,8343.671271
AL,Alabama,0.693426824,5.116266264,18.97603293,42.37776058,76.49843928,105.0192885,133.8546271,166.3029235,207.9436122,249.8259805,307.3657225,371.682692,428.6165013,532.097198,627.5600452,754.6115433,919.1664194,1133.365353,1400.285121,1650.39663,1882.522687,2089.085156,2230.660887,2381.696795,2571.235432,2712.729379,2842.37103,2970.990081,3122.029048,3256.862631,3390.626909,3541.176399,3779.353828,3975.614014,4188.475654,4477.43375,4789.327141,5112.440791,5581.410043,6097.057321,6660.545339,7136.058297,7675.014098,8253.419563,8663.665964,9053.698157,9403.45041,9657.582571,9821.834379,9952.318136,10084.4188,10204.69634,10331.94016,10437.94717
AR,Arkansas,0.809529048,6.968312057,17.1459114,30.67992487,46.87415087,68.53128964,101.3223523,115.5618456,134.0378633,160.9352364,200.3963809,249.9264366,322.7608552,425.0252833,537.4391445,673.024822,803.3656261,961.5173815,1124.801014,1307.516658,1480.702855,1654.713162,1763.789497,1890.973039,2031.533857,2196.123738,2350.195374,2534.113216,2723.195741,2905.816945,3104.381199,3311.106686,3542.433836,3774.992014,4086.098037,4465.148499,4867.8443,5242.454447,5724.673637,6219.659726,6752.431238,7221.215824,7841.73326,8511.913299,9042.327136,9468.34188,9846.540398,10200.07065,10379.86562,10477.47203,10664.40067,10773.54361,10843.25357,10896.36239
AZ,Arizona,0.288512385,3.526857824,15.40298929,33.05926031,50.53486761,70.06330923,92.96185028,123.3380828,158.1341877,195.6486287,228.3684061,282.8049229,381.686223,520.2761696,758.4656747,1052.848462,1399.049585,1722.440507,2004.454494,2252.488866,2464.360958,2581.306568,2667.002578,2728.761951,2776.802148,2829.276094,2872.723723,2946.879237,2990.819536,3042.001908,3108.652253,3188.950882,3285.759564,3413.817847,3586.923355,3829.841028,4174.124506,4560.895966,5104.569116,5750.377573,6357.772805,6926.491441,7705.512249,8628.543877,9359.926619,10009.33667,10475.20957,10780.63813,10974.34974,11125.30642,11243.1412,11362.06711,11448.01247,11495.14001
CA,California,1.612159356,6.075866701,19.47065848,41.47071148,62.34997206,86.26047185,115.2630668,144.4731925,176.5529619,208.5615127,246.3049725,291.882565,340.9556076,396.253863,469.1007641,571.0873063,708.1049325,854.0821912,1018.071952,1185.211194,1320.025173,1455.679019,1605.060287,1711.727103,1802.725703,1880.4351,1940.931392,2003.685214,2062.584532,2120.01342,2177.86243,2236.229179,2314.007997,2391.661006,2497.551201,2653.680103,2877.104282,3136.762439,3545.409227,4131.464408,4884.194215,5566.79385,6255.481652,7014.301802,7675.931066,8122.132966,8449.855783,8678.679354,8837.648618,8953.551639,9045.528949,9121.166658,9177.449444,9226.669656
CO,Colorado,2.865212088,13.84487846,46.6446109,89.71222157,132.2041851,175.8892924,239.6161241,293.578834,344.152953,385.1985922,422.2852029,460.8625921,488.7977153,508.9882571,533.8423223,564.6476935,598.91372,649.6887511,707.890933,778.1344726,837.2149722,888.2181784,927.6242217,967.3898925,1004.649979,1038.675327,1079.405967,1145.186895,1216.013375,1287.316175,1382.813347,1510.490149,1691.526925,1965.019581,2365.811873,2940.183922,3537.847368,4079.645255,4623.695721,5081.45989,5436.076424,5708.360828,6004.752779,6332.436319,6570.571389,6763.761006,6930.985202,7095.565068,7240.671217,7367.209402,7502.365623,7631.937634,7754.568711,7877.100635
CT,Connecticut,1.686820724,14.68128653,71.67529571,196.8105232,369.0025515,553.2112843,723.4360095,844.2958449,951.0995889,1061.737807,1142.576741,1194.189696,1235.424525,1267.074993,1284.669088,1300.885174,1316.171461,1331.437553,1347.457021,1376.759571,1402.700259,1417.233171,1434.302484,1455.214405,1481.295335,1503.409403,1536.466209,1568.905953,1600.868878,1652.297276,1711.250735,1791.92138,1901.129138,2062.566913,2281.783767,2606.939077,2952.000498,3291.239667,3769.578438,4277.836258,4680.572981,5011.686296,5448.42533,5972.298163,6421.202276,6804.020546,7114.193892,7366.499808,7558.333733,7727.973372,7908.455617,8052.166908,8208.515612,8397.789294
DC,District of Columbia,3.461570615,18.48107472,61.69757237,160.4777336,280.8165509,415.5060794,554.2848803,730.2879636,900.0976268,1033.936995,1162.411849,1253.683675,1331.69583,1386.511352,1424.93011,1457.883752,1493.226345,1545.369529,1607.937099,1680.180914,1746.412676,1815.31536,1879.624342,1931.726435,1983.465793,2027.815838,2074.37205,2122.64842,2163.375364,2207.908194,2269.787134,2324.460963,2385.450068,2469.999957,2567.282419,2711.870651,2871.741937,3055.234935,3306.477232,3556.160901,3792.302929,4007.212196,4247.301803,4538.056731,4814.237073,5029.813716,5235.733951,5401.434504,5525.983034,5633.852829,5761.721235,5899.244632,6037.779721,6144.899957
DE,Delaware,1.393561479,8.699233079,28.68148751,84.38492284,179.0690557,287.2944574,428.0595709,550.7350857,679.0731635,807.9986527,914.360153,981.5222169,1022.746785,1061.448154,1109.142462,1165.213543,1257.960861,1323.451062,1399.151129,1479.384122,1547.265046,1607.708849,1697.052879,1736.399169,1788.948862,1863.432002,1947.670072,2018.470595,2095.271544,2191.290703,2283.671403,2379.323943,2477.235757,2594.527011,2755.199412,2990.956741,3306.667735,3671.2037,4181.270821,4759.880217,5248.998731,5705.577532,6198.80279,6759.660452,7260.661721,7698.125008,8038.835899,8295.4833,8537.988671,8730.026988,8930.808697,9098.420151,9306.4644,9488.35036
FL,Florida,0.904611133,6.296240614,27.52682929,63.19366887,96.63294601,125.9689976,149.4650484,171.1932221,191.7314194,215.5141857,239.6561146,265.5587039,302.9529135,363.2432504,470.6082396,680.7062122,961.4227979,1303.719428,1672.506605,2014.144088,2287.971819,2504.382608,2683.813616,2807.187228,2914.183696,3016.873426,3102.297463,3192.327525,3270.234802,3345.335824,3427.915008,3527.654194,3644.960361,3782.910509,3947.721727,4148.854882,4399.904888,4663.696971,4964.926519,5288.691681,5649.503809,5976.902641,6419.917517,6938.50367,7358.283184,7720.025206,8044.99231,8309.406294,8531.305835,8725.492309,8909.183495,9074.725657,9222.124798,9370.979959
GA,Georgia,1.262076494,8.846685302,33.18940952,76.55209743,125.7878677,174.8218,219.081975,267.4795004,307.9627703,346.9096032,391.1185417,429.6630171,472.4781145,523.8249432,595.5803965,709.8413617,863.9613398,1054.965409,1258.083058,1479.383745,1697.209012,1911.439056,2096.152993,2259.550175,2400.53674,2521.60058,2628.984736,2733.190813,2819.408909,3010.232709,3192.328308,3301.001477,3420.796459,3551.153609,3708.646722,3883.635417,4102.015056,4303.675478,4612.764416,4987.280906,5413.246604,5834.743798,6364.569727,6974.557668,7516.805161,7996.824747,8379.077861,8666.53801,8883.749757,9077.198582,9271.648497,9416.040597,9516.118648,9622.941744
HI,Hawaii,0.797388464,5.135351218,14.27671428,27.2524635,35.47566447,40.59053361,42.44733987,43.32524409,44.00115265,44.57606337,44.74768906,45.34308186,47.05863242,51.00319803,56.88579194,62.67727591,72.60543326,86.23660896,97.37532771,121.2072843,172.5841036,256.9038727,365.9130204,478.695108,599.8727286,702.5656274,768.5518182,820.3926626,872.4658726,920.0591579,966.5216912,1005.619858,1048.773477,1086.791038,1138.621994,1180.009916,1227.088324,1271.503356,1316.65433,1372.319673,1437.942837,1492.538167,1562.641256,1653.075278,1721.806067,1777.531444,1826.194034,1865.84663,1892.291817,1915.003616,1941.216438,1967.439853,2000.211177,2040.761453
IA,Iowa,0.860202785,3.432253484,13.37973484,30.61738725,55.3756335,100.8760503,186.9552815,303.2306732,395.445109,476.8607353,559.5847319,629.8297661,701.234204,765.9056693,832.9631355,916.6833066,1011.338259,1131.331159,1245.60501,1354.776281,1459.32927,1559.78441,1674.800876,1823.201704,2067.044788,2238.365551,2388.96221,2574.826232,2774.59993,2968.704656,3197.492924,3440.213371,3735.389072,4225.629542,5062.527614,6025.032725,6809.783301,7332.927637,7795.326253,8163.816968,8529.672559,8789.010386,9101.944172,9455.81461,9718.765669,9959.511833,10156.85864,10316.97744,10456.24978,10565.97793,10683.70242,10787.79774,10885.95277,10984.66912
ID,Idaho,0.471723189,4.436883941,26.41985602,65.27854331,84.36011001,97.00654425,108.1023914,117.7030494,127.0961045,137.4958381,149.7667964,162.9649733,178.9923702,196.3235808,240.6179965,327.5280977,461.0112111,647.3580983,861.8119654,1054.682398,1231.932246,1419.654014,1578.05452,1698.658974,1814.067759,1917.853576,2018.017811,2143.970141,2316.999661,2514.849768,2753.205395,3038.10214,3385.159465,3731.521237,4191.805558,4712.923145,5250.404434,5738.235599,6322.665376,6890.012395,7369.865674,7717.730469,8066.178902,8439.480377,8750.293358,8970.238911,9145.330472,9283.577822,9396.340368,9499.726647,9611.138375,9716.69805,9841.227935,9961.657242
IL,Illinois,1.32467149,10.83735321,41.62890243,99.03635792,173.0701531,252.1928774,363.6820627,501.39826,634.2576967,762.4803097,880.2715095,960.5226431,1019.271737,1059.645887,1095.189318,1136.333444,1180.296028,1234.19065,1299.417503,1376.454576,1462.662706,1558.441048,1658.263165,1767.927198,1874.159523,2001.635834,2099.311535,2202.321908,2313.589026,2427.570828,2574.913503,2783.178755,3040.75247,3406.63974,3957.667726,4632.035838,5261.760405,5773.701665,6296.048532,6769.860228,7162.738726,7470.077584,7802.240893,8186.626926,8486.578212,8740.854452,8929.13268,9084.349992,9204.452225,9303.97115,9403.782061,9495.598857,9583.260133,9684.871417
IN,Indiana,0.413830863,4.653591929,28.35187031,73.80924477,123.0564543,174.0776704,237.7268179,310.5386203,373.4132832,429.8667349,482.6725037,531.1749365,573.5829449,613.8243572,649.6415224,689.278082,735.2425701,794.1681636,870.7084544,958.0114669,1043.139417,1139.895924,1232.124059,1327.539404,1428.911181,1520.525996,1611.839573,1697.135224,1790.659811,1907.753447,2062.018036,2252.485993,2484.493894,2792.462782,3233.633517,3849.068338,4507.999963,5092.103659,5786.126536,6429.989874,6992.23926,7443.563556,7928.553275,8459.127667,8849.128497,9149.889063,9378.009539,9561.489755,9695.578382,9795.878595,9884.437806,9967.22314,10046.889,10127.85784
KS,Kansas,0.529637382,3.250936906,13.09264981,29.54916634,47.66770763,71.15127309,118.9367161,184.8410436,247.3962642,286.8111711,318.3021123,345.262131,367.6912272,394.0824779,432.4775839,495.6407033,581.3015693,687.0869395,798.9918011,901.6240611,996.7442576,1095.669399,1211.134124,1333.993864,1480.444607,1620.000796,1735.59836,1879.376545,2037.375305,2185.385441,2361.277569,2550.806401,2761.200132,3091.359188,3592.467547,4244.969475,4919.233217,5480.39106,6066.223552,6613.165968,7124.164783,7495.960271,8045.202131,8572.098305,9001.565228,9338.452017,9591.51674,9815.415022,9966.759505,10119.47699,10207.74657,10279.33927,10336.55933,10387.84594
KY,Kentucky,0.575467363,3.123997661,11.59440272,25.5262639,46.3583615,68.27782606,94.40843141,122.4478604,151.7727461,179.7067511,202.2113078,227.7151886,260.7686373,287.6282575,316.7485624,351.4357474,390.5516362,453.9340726,537.5921649,634.5330108,730.7287261,829.6968019,934.0432928,1035.300927,1146.132002,1269.692522,1373.185325,1480.428626,1595.416674,1723.412389,1865.3046,2033.628245,2248.345168,2512.707846,2816.953927,3204.762076,3664.51551,4120.902089,4645.425706,5125.643708,5537.951636,5858.191949,6316.282772,6935.336136,7441.774275,7879.675616,8256.733651,8580.126612,8813.290498,8998.065436,9159.229648,9288.066293,9408.982484,9513.683969
LA,Louisiana,3.752155935,27.03303265,105.8246504,314.2965681,451.3581372,525.8445524,583.2202933,640.2028139,689.4906507,751.7863773,815.1884123,869.153161,931.8545842,1018.973953,1094.575711,1239.829943,1442.140478,1729.271936,2034.749012,2347.887,2616.989051,2841.154717,2982.718314,3093.794649,3205.789932,3316.214915,3413.945423,3500.050551,3580.065281,3667.774696,3762.991219,3860.282258,3962.148893,4053.80105,4172.258655,4434.634015,4764.519787,5067.415549,5446.629169,5819.573851,6206.42386,6527.800544,6981.887561,7522.218236,7970.196141,8316.138336,8654.143204,8883.960012,9036.792338,9139.255041,9260.026794,9343.556845,9418.799155,9485.99013
MA,Massachusetts,2.951467703,16.11475541,86.07279533,206.0374874,386.4198536,577.5633322,821.7811439,1002.673339,1140.663849,1260.987046,1349.924258,1439.246962,1503.627492,1534.18243,1556.026018,1577.927641,1598.867639,1622.86052,1650.73762,1682.532021,1723.377705,1760.685342,1796.086124,1828.607982,1832.096265,1780.315366,1814.916004,1854.132526,1902.305012,1964.303969,2026.197305,2098.074676,2203.085149,2333.846355,2515.33543,2767.671773,3028.060198,3310.34836,3776.824036,4274.808295,4755.038046,5192.747685,5704.871365,6346.578884,6866.63263,7297.970853,7633.055365,7906.12641,8110.928642,8280.319791,8446.543875,8596.885195,8756.114143,8940.598212
MD,Maryland,0.864915113,5.276494952,24.79456405,69.99560016,147.0754324,225.8283601,320.7531659,437.5261344,551.8178269,665.7433076,785.6519035,894.905784,977.3282741,1036.362163,1079.290171,1121.466733,1167.487694,1228.837285,1311.226694,1409.180936,1513.207944,1598.610247,1674.142363,1737.710729,1799.700613,1870.873086,1937.603214,2001.157355,2056.871353,2121.314062,2188.871062,2260.171064,2339.753345,2439.527067,2579.724034,2784.200619,3045.721408,3294.23423,3602.276998,3920.513656,4194.123573,4460.826408,4764.294505,5117.3117,5429.766213,5676.138003,5878.480833,6030.712343,6148.976294,6240.323669,6331.968778,6421.676304,6521.622547,6632.707818
ME,Maine,1.711039628,7.843256867,20.51090155,36.90935656,51.36317783,65.33865194,76.34881998,90.06838207,108.7945949,128.4663431,154.3655316,174.536457,192.0827965,208.4492625,221.6912213,239.5559629,254.9977236,264.1800549,274.8606619,284.6597114,294.8195672,301.1853785,311.6323913,323.7584548,336.8412125,349.5304312,363.6011284,380.0099984,395.7924792,412.6261334,427.961512,443.7968118,466.040327,510.2833482,587.5457145,681.3017589,787.2374298,877.3697899,1025.114342,1222.914987,1453.501382,1678.115506,1937.258409,2229.335849,2532.529839,2772.181769,2949.949115,3082.751084,3173.542566,3246.033364,3331.160561,3417.414069,3512.849164,3617.658524
MI,Michigan,0.921210747,15.23862813,68.65453265,171.8000969,257.9761581,323.4422001,388.5821135,441.224201,476.9668776,517.9636596,549.4778788,580.9235078,648.9386,664.5777545,682.7273085,706.1494923,737.1917912,777.8265975,827.1113725,875.3776088,927.9610192,977.5934511,1030.45723,1079.331465,1134.538224,1186.226157,1244.881848,1298.236272,1361.851281,1431.763166,1519.418372,1638.87257,1803.341532,2045.861776,2394.328266,2885.611159,3389.204431,3890.446113,4365.431787,4731.378451,5009.904518,5200.746741,5420.052175,5664.416142,5848.905817,5996.100675,6122.343696,6231.354169,6313.650931,6392.998017,6486.488091,6597.290819,6753.257206,6989.559278
MN,Minnesota,0.886582671,3.9465341,10.08168618,17.83290115,29.00136037,43.92378794,70.95196992,130.8317635,209.7299966,289.2387305,375.3384973,444.5628722,500.0732317,545.1293631,588.2601914,637.1667513,686.719098,757.1923133,831.3941406,916.8151397,1003.158185,1087.031388,1163.482653,1245.124327,1343.709838,1435.623104,1504.186266,1606.956447,1728.499306,1857.927787,2010.873405,2199.69264,2408.518322,2739.517578,3286.280736,4071.329477,4884.384123,5609.747941,6286.684308,6756.241187,7071.129996,7270.17809,7498.500966,7756.617985,7931.966306,8079.969934,8200.765582,8310.266166,8407.706567,8504.389825,8603.729995,8707.46531,8835.518169,8980.884923
MO,Missouri,0.22110239,3.784810184,19.13782125,45.14692474,72.30341439,94.67206784,116.1817295,141.3248351,163.4560927,182.0003428,200.1885806,221.1605578,247.4279128,272.5734624,307.0667387,354.8088874,409.8389423,490.6964285,592.9008047,734.1441724,878.3461085,996.3735623,1134.958976,1261.64755,1407.436959,1563.223389,1727.731714,1904.795136,2078.932739,2245.484591,2448.734063,2670.872229,2897.384051,3190.487286,3617.017747,4172.890338,4699.39297,5120.790989,5571.300714,5980.678877,6361.201142,6650.498711,7007.181347,7397.230729,7660.5728,7883.323275,8067.853668,8205.912965,8298.843913,8373.095538,8434.33813,8955.231084,9373.133013,9439.207596
MS,Mississippi,0.6673053,8.918572289,29.00190817,59.36228327,100.3454464,150.3187508,205.8411726,265.9094017,326.9997571,386.621436,453.5391205,528.8424739,594.8052332,669.9405843,749.7272482,897.5259639,1061.813101,1242.804376,1487.300871,1793.799302,2065.704036,2277.905441,2450.165298,2639.561729,2793.706229,2927.757649,3035.461598,3150.490449,3270.434377,3396.786586,3549.054164,3727.818399,3900.707256,4073.010457,4285.643629,4543.297059,4835.832144,5153.817568,5604.807757,6099.051492,6590.597447,7020.462685,7534.041138,8071.922138,8527.481991,8924.769224,9263.860445,9484.437775,9672.379642,9780.443452,9909.958809,10007.53961,10113.26583,10183.66352
MT,Montana,0.842083202,4.450877544,16.89499597,28.93865705,36.6371688,40.52665755,41.97036241,42.55888501,43.01267429,44.10925375,44.92420316,48.3458679,51.4606401,57.07452811,68.52966659,87.26882477,119.2286892,178.9492299,247.7062589,322.611431,400.4844785,474.386636,544.3600074,614.8676339,698.60813,781.1060856,861.5044471,991.3592907,1174.81273,1430.097738,1798.849714,2205.95016,2681.486707,3219.511442,3785.257556,4511.066845,5291.183015,5849.979135,6425.522419,6893.293088,7258.810529,7512.130676,7770.663318,8126.677383,8391.439569,8608.576337,8818.656447,8996.723361,9135.426627,9262.166699,9371.811546,9462.716298,9559.394935,9672.140519
NC,North Carolina,0.43725813,3.401097855,12.53260367,27.57414986,45.08793026,64.06594379,87.83711114,115.0584797,144.3311285,182.2122134,226.3943538,280.4420712,348.5629024,429.7489418,513.4766274,607.8012914,713.22846,836.6147716,967.0184754,1093.240672,1208.966576,1307.193669,1394.24484,1495.894865,1603.292937,1698.350528,1778.350173,1861.185608,1989.208515,2098.020382,2224.742479,2360.917399,2501.585895,2659.298209,2822.206897,3010.72827,3241.183042,3488.20347,3817.055622,4213.437459,4622.102569,4978.162456,5447.688443,6006.519971,6483.416227,6916.423343,7298.301577,7658.367343,7899.615316,8096.836372,8257.142105,8383.52906,8494.239749,8612.08911
ND,North Dakota,0.656114594,4.817193352,14.97778396,29.01863628,43.28519202,78.9397713,120.9311053,161.8910272,202.9834843,257.9094614,316.9033491,343.5796562,377.6411893,407.9720548,434.9108078,465.354525,509.0320735,579.7612268,673.7168367,785.6316153,894.3970438,1016.002635,1143.888555,1323.663954,1556.604318,1803.208925,2069.272579,2399.50424,2764.267212,3146.894872,3647.003787,4298.693545,5042.240658,6051.569295,7264.181917,8510.856072,9635.492913,10385.61954,11048.03284,11565.01308,11841.4066,12038.27773,12250.0912,12448.87424,12596.04993,12721.57515,12827.52716,12887.45929,12957.00744,13042.58315,13114.23086,13188.10937,13268.88626,13361.30525
NE,Nebraska,1.816576441,3.699839951,9.364105194,22.70151902,44.96776275,84.3741341,175.8088263,312.9934326,444.4403663,549.0568691,642.4187658,742.9296198,816.3148622,874.494419,928.4644191,984.1181385,1039.631246,1110.720179,1188.137663,1288.375048,1393.914831,1487.431814,1583.186691,1665.692553,1776.549208,1876.53587,2002.007849,2145.300268,2305.556015,2501.008577,2737.744054,3042.237729,3359.211707,3791.170735,4453.669546,5254.165616,6034.677793,6687.959831,7332.224639,7797.003528,8187.650692,8493.502922,8854.639766,9208.405879,9495.315363,9764.109226,9936.195983,10084.31055,10221.54013,10323.21723,10423.43239,10524.97715,10618.49413,10708.65815
NH,New Hampshire,1.607694576,7.37583207,23.47116409,51.47123175,76.27650287,107.3441342,142.0993138,189.7984204,232.286861,270.9818483,308.4162738,344.5371847,374.1655396,393.6027582,408.8368778,423.4201238,434.924039,446.3132239,458.9210501,475.1428796,490.0622265,503.6467308,515.2249265,524.3445114,535.2394737,549.4763225,567.5992913,585.4288154,603.0906568,639.4741235,677.3181948,717.7782632,767.1166888,833.3807699,934.8310045,1106.001937,1320.154798,1552.977066,1900.645799,2340.592229,2730.842804,3060.324584,3457.4678,3855.661975,4251.040111,4608.384429,4855.811272,5046.356174,5231.76322,5418.746337,5558.345119,5668.400123,5799.13158,5949.762119
NJ,New Jersey,2.941729461,35.2920845,187.3926363,459.1757213,730.7464713,1000.774696,1249.236618,1441.147172,1569.791459,1663.442687,1745.509047,1810.940095,1852.580388,1881.757652,1910.022866,1950.680407,1975.29956,1998.837787,2016.248245,2045.43992,2077.563529,2105.729105,2135.465916,2156.837784,2181.228503,2208.562415,2238.686968,2273.779665,2317.415975,2370.668608,2433.819024,2509.168797,2609.277667,2738.862825,2921.93378,3196.348085,3509.218222,3828.042408,4207.948715,4583.530188,4934.069526,5259.323883,5931.505293,6647.406664,7108.116692,7506.562458,7873.521508,8162.978837,8430.978959,8665.810009,8925.683193,9187.681079,9475.166485,9793.218677
NM,New Mexico,1.001512284,4.067570603,13.63296673,34.04474089,63.64705944,95.28674012,138.5630397,191.0642213,241.6029156,289.8595927,334.7573884,375.5532759,430.5615766,469.1846593,510.7645879,570.6645606,644.4903232,729.9050137,823.5974417,927.4752495,1009.831035,1071.584283,1121.755279,1168.08333,1210.937563,1247.318689,1280.777307,1322.575184,1384.819172,1468.067258,1596.076743,1786.309709,2027.251626,2305.085918,2688.358946,3181.395812,3997.376038,4643.753496,5237.146186,5784.114966,6252.393495,6639.277213,7041.462609,7489.472437,7836.390569,8095.714529,8324.107021,8487.802773,8621.705919,8731.095383,8840.894036,8922.377552,8990.984482,9057.131984
NV,Nevada,1.609334073,9.461533766,33.26812019,65.08469052,96.89671562,124.8358849,153.4337871,180.9093436,202.4803289,229.1672889,257.8765491,283.608038,320.0857359,370.5750618,444.0499118,577.5262682,748.0046465,934.5305887,1192.244808,1427.418287,1659.169211,1845.760085,2010.204353,2142.95737,2248.554943,2332.108179,2397.893483,2473.580559,2573.195319,2682.141424,2806.819849,2954.080573,3130.096657,3331.204329,3617.780723,3980.118539,4463.883323,4978.987103,5562.343596,6156.390456,6692.378892,7120.822127,7590.158096,8133.396166,8531.724692,8828.193767,9064.754188,9241.670227,9372.521716,9461.107165,9548.885511,9629.758038,9726.984283,9784.944983
NY,New York,7.810549441,111.2172214,352.1096215,684.5136991,1023.304371,1290.721478,1518.627566,1664.692649,1758.746689,1831.252695,1888.553258,1936.08034,1971.351158,1997.799477,2021.502079,2044.555544,2068.487255,2093.003487,2119.111097,2143.968089,2167.519407,2190.788771,2214.139612,2235.983582,2259.54883,2286.028764,2311.768473,2339.938122,2371.904352,2418.540698,2468.58367,2520.162915,2580.054983,2655.068088,2764.803369,2927.943578,3119.348843,3362.547042,3698.778542,4060.308393,4432.921047,4839.21463,5333.418699,5907.968675,6450.777829,6923.822327,7333.722294,7648.935997,7948.001345,8217.312296,8482.218603,8740.635506,8987.866746,9220.589485
OH,Ohio,0.492510116,4.092958397,16.86306046,37.87289013,60.12319169,105.5757928,140.7208425,174.9395591,211.3482646,243.6580233,277.3658365,307.3938113,332.3278952,356.3148574,389.7098151,437.8535559,497.3656654,571.2550154,651.8221249,731.079125,805.5392631,872.2692936,934.1877476,990.6311008,1056.383383,1123.34936,1184.706864,1241.649999,1300.017024,1371.155264,1458.772959,1573.750674,1716.035794,1907.64413,2193.059004,2608.189339,3093.023158,3613.728089,4211.122242,4875.482287,5387.137248,5789.991188,6226.612827,6716.235039,7115.25019,7432.710816,7695.267985,7895.49606,8052.294103,8178.190451,8291.605,8386.573817,8477.076935,8568.133646
OK,Oklahoma,0.418754648,2.772575285,13.62153021,33.94010216,52.36682301,68.71063751,84.2889675,102.073025,117.9149405,136.2226309,153.6960973,166.9350117,183.7299288,214.7061477,272.4846859,337.5923149,420.9894386,533.7524586,655.22694,819.8298648,983.2594174,1115.734485,1233.490465,1355.986688,1483.494067,1627.27652,1779.116905,1969.62702,2156.570265,2335.364854,2538.825026,2744.050689,2965.579985,3168.852387,3501.610449,3945.012486,4475.584228,4984.15859,5509.722967,6049.17246,6640.537421,7121.370614,7700.800183,8431.402201,9001.416235,9462.678144,9872.8439,10230.20613,10462.6276,10607.85409,10735.50956,10848.40981,10936.392,11001.18525
OR,Oregon,1.280307426,4.721489273,14.58127901,26.55452438,37.12559602,46.34499496,55.66966361,65.69873845,77.8886877,87.40967016,93.90272556,101.8690829,116.4164575,139.3503199,168.3976502,203.335106,247.2652989,296.4928823,352.3351503,406.24368,459.7861365,509.9383864,555.8262642,596.1761011,633.5082059,667.8868313,699.281629,736.5392864,783.9004661,831.9729277,889.7695613,945.0769453,1007.625653,1090.821927,1213.771982,1370.3863,1568.867618,1785.209225,2032.948712,2255.180207,2461.936342,2620.586111,2807.128325,3003.503063,3171.463749,3290.169823,3400.066434,3498.518044,3570.635153,3634.830005,3694.858878,3739.808575,3790.522975,3838.151596
PA,Pennsylvania,0.740978609,6.134124939,33.98136024,103.298714,189.5475773,267.0801389,343.8070444,414.0104323,472.5995312,520.7159606,564.9233881,599.7148568,628.4358626,653.6908444,677.2876465,708.0160747,744.7134973,786.583163,832.1407713,882.8951501,929.2986426,971.1671366,1013.277781,1048.531287,1085.906026,1129.715078,1172.631378,1216.97605,1265.240893,1321.896152,1392.586027,1472.767786,1573.965264,1700.446704,1878.2472,2155.339221,2503.898886,2879.687602,3385.486193,3948.618531,4449.608807,4861.820378,5266.59123,5720.370014,6074.813843,6361.374236,6653.970488,6865.443253,7045.87834,7191.896978,7331.61183,7468.01251,7606.466464,7771.803506
RI,Rhode Island,2.441094207,9.709626841,38.5005678,106.8974599,278.1053862,486.2903203,725.0871044,917.6418615,1078.23773,1213.669372,1333.350954,1416.338717,1473.583604,1518.16614,1554.157648,1582.544572,1612.359715,1650.07868,1692.111565,1748.520098,1817.726913,1882.131776,1940.994618,2006.370822,2066.21822,2117.475535,2183.809863,2256.400793,2308.467085,2401.231497,2518.202954,2680.672594,2927.358096,3211.599257,3593.63522,4125.128261,4728.375879,5343.086068,6160.613804,6948.406634,7538.047936,8016.786535,8663.726529,9449.268002,9999.289194,10520.06162,10915.69069,11226.24205,11484.29478,11699.50565,11938.66586,12168.19762,12400.23845,12643.59269
SC,South Carolina,0.779612152,5.587997314,18.95890896,43.44774248,67.06257135,87.21731291,108.5902227,130.5430832,151.186102,173.2360741,198.75701,234.7465794,288.2356643,375.6860451,500.3830083,677.7199122,896.4706527,1133.850317,1387.553086,1608.606926,1805.757515,1965.222966,2079.787108,2187.483904,2310.038779,2433.023664,2570.977724,2704.064937,2845.13764,2955.653392,3073.044842,3200.247091,3331.567067,3472.731249,3626.192676,3819.944165,4031.703062,4229.785729,4550.603704,4942.202266,5360.742314,5770.464431,6289.465097,6943.076271,7593.269115,8170.656012,8649.305438,9093.724375,9482.184678,9812.308666,10053.96124,10225.87951,10375.6977,10529.86105
SD,South Dakota,1.178985349,3.132280348,11.57847261,33.701121,100.5065229,191.211529,254.9004758,303.7972823,401.3648197,456.9794689,518.8281586,570.4695255,619.2058183,670.5736335,714.6742417,759.6305469,806.0405196,852.5646605,900.0880565,955.3635921,1019.375827,1090.669964,1170.361687,1297.094135,1524.057292,1723.052611,1904.914775,2147.784627,2462.417723,2805.71384,3281.60342,3827.769796,4521.790882,5418.084256,6379.794927,7490.618419,8354.146626,9110.952356,9785.545617,10334.42603,10754.814,11055.09128,11385.50108,11703.4281,11944.34353,12123.96076,12248.0289,12360.4044,12484.43864,12597.89704,12722.3676,12848.69537,12968.22504,13115.2071
TN,Tennessee,0.993678006,8.283725089,28.11262387,55.0160239,79.48677249,104.6602415,141.0858766,191.8470667,226.0469568,261.658877,300.9378587,346.9254115,399.9562758,452.45384,519.483469,613.5421355,759.175707,932.3026474,1145.430326,1370.075795,1585.171794,1768.461164,1929.670704,2077.341857,2226.876779,2374.803014,2509.019246,2658.353265,2794.3539,2937.445876,3127.349515,3330.402769,3593.302206,3818.083563,4115.18494,4535.288016,4920.377486,5351.548665,5858.520664,6621.612365,7499.34238,8129.39764,8756.235674,9433.738692,9879.354224,10202.39886,10474.57775,10709.15751,10902.24923,11028.15231,11161.49625,11280.19289,11400.27227,11525.82816
TX,Texas,0.401056964,2.872821833,11.37158067,28.49815117,50.30221361,69.93996837,90.20739877,115.0986238,142.4616138,172.6151725,197.0023604,229.2769101,269.2441385,321.9841466,416.9395301,555.069977,730.9156428,955.5066459,1198.830379,1399.301197,1603.817935,1786.447323,1962.484637,2098.58183,2211.096811,2304.29084,2400.178356,2541.622584,2671.87705,2784.847268,2892.04477,3017.719275,3167.914988,3338.47811,3550.834375,3806.982585,4100.264138,4362.23783,4700.65631,5178.270458,5570.694196,5911.530779,6347.17638,6888.669084,7408.061062,7844.806336,8301.303692,8652.244193,8867.767425,8999.588597,9182.268716,9317.015441,9427.012375,9517.240949
UT,Utah,1.305693961,7.735597285,24.90456831,51.38214537,74.14757149,99.8674967,131.9196945,165.2682287,198.180076,230.5663393,265.1981093,313.438604,386.1516589,460.6067827,562.6711267,680.0731638,802.9737133,941.4034744,1076.517846,1198.785823,1297.967409,1388.138584,1466.394756,1546.130361,1628.414658,1717.124491,1826.318373,2009.784907,2225.494844,2449.470642,2709.499937,2983.160104,3309.115715,3685.91853,4215.356845,4874.941281,5577.517235,6142.220204,6789.185323,7362.02065,7898.909156,8350.563856,8940.732848,9626.447383,10142.95883,10531.66355,10841.01195,11085.96214,11289.78327,11457.77861,11594.14097,11708.68645,11817.55531,11915.17263
VA,Virginia,0.681153659,3.387491727,12.91907381,35.06183982,67.23164696,107.0534785,160.0171003,225.740696,292.9741003,366.6577276,444.6327165,530.8054496,596.5374806,642.3846048,684.7839012,728.8317207,775.6746836,839.2259451,918.2000532,1005.048902,1089.136232,1181.272164,1258.403736,1332.582822,1413.533612,1494.969784,1577.103864,1653.758371,1719.011697,1786.358861,1871.500608,1956.459824,2044.645908,2149.598987,2267.399206,2398.448179,2588.554603,2786.480471,3035.010056,3341.922501,3644.647385,3952.470377,4312.590717,4723.463682,5195.350628,5605.190967,5946.025543,6226.160823,6460.341896,6624.576666,6762.082774,6875.501185,6983.481965,7101.43109
VT,Vermont,1.876635646,13.30151653,42.07926742,85.0063062,117.7681017,129.9478036,136.5873437,144.1195277,148.3535767,150.7574653,154.2158596,158.4274723,171.7065525,180.7724175,186.6330977,193.5242448,200.4618671,208.45079,217.2890868,224.3853658,228.9415358,234.826255,243.868081,250.7367918,259.6888727,264.6344727,270.9294555,275.1186319,279.6058905,289.2454835,300.4860663,312.2314656,334.0026827,356.1424961,392.1319126,482.1062551,589.8453338,678.8581209,815.7195079,935.4107204,1044.707519,1139.810157,1267.559204,1457.030493,1632.309223,1786.936949,1936.045347,2078.791453,2211.050195,2335.4354,2451.692257,2592.12422,2715.3187,2854.971802
WA,Washington,10.78898942,28.63940439,66.83521357,109.2333142,138.3998436,160.2968026,183.7245776,211.6172873,237.8684769,259.1068581,279.478648,304.7861605,333.7031788,362.2413342,399.4559083,447.6509388,503.3256541,569.6806245,653.0585525,729.964295,800.7185393,866.118539,924.9356491,975.1005037,1020.192536,1060.283185,1100.516317,1141.209207,1189.057154,1238.244582,1294.585361,1356.638498,1422.406198,1507.435101,1633.757165,1816.297878,2030.481584,2261.540116,2509.649709,2783.329588,3026.289536,3202.832791,3420.545239,3683.679994,3871.445469,4028.179647,4172.954236,4281.960495,4365.01025,4442.831436,4514.876309,4576.835682,4640.712483,4710.60552
WI,Wisconsin,1.126161327,7.740920721,22.06740343,41.59772356,59.37877527,78.23188721,106.3031371,144.2499821,181.8335768,224.2680638,274.3010913,327.6784245,379.4902613,439.6860488,480.2041552,536.5403884,607.4876933,699.9993474,805.9687753,917.588761,1023.612118,1124.667107,1217.338144,1303.833757,1390.834658,1496.742771,1646.7905,1870.18247,2140.768964,2440.339212,2774.298687,3155.550754,3661.669501,4241.208574,4958.196349,5783.354521,6551.820596,7088.760989,7634.74279,8105.456584,8503.191449,8783.278093,9099.503232,9493.778719,9784.118807,10008.25668,10189.38128,10332.66208,10439.80679,10527.37687,10612.52047,10684.85637,10753.35504,10823.35772
WV,West Virginia,0.47819738,5.133507463,14.07752824,30.31503554,44.32058308,55.92677386,64.48745555,73.51908075,80.75732627,93.03310499,109.1032153,117.9350801,125.3407226,137.2415321,152.4506639,175.7188445,220.9958223,267.1175969,316.7787017,367.6757543,413.956556,462.0234836,504.9730854,547.7787257,616.2362797,683.1392737,760.3332762,833.517563,906.4066731,983.8874824,1085.768634,1192.050094,1337.613488,1515.859469,1777.309562,2141.645189,2511.297343,2922.408709,3392.706625,3887.49193,4376.801122,4881.798201,5460.425958,5948.30837,6334.198032,6660.39114,6895.910882,7074.826451,7199.433417,7318.045897,7418.101863,7522.078825,7648.981919,7797.256029
WY,Wyoming,1.67772769,5.973125256,18.66061694,37.59250396,63.14027082,74.12411729,89.13209125,103.5957972,115.8150456,131.833803,144.5955916,156.7388153,166.3162042,186.6804663,213.2891238,251.2271947,289.3380492,329.6708993,379.2096538,438.1046342,491.5932193,527.8034553,574.7521853,624.2166429,664.5996002,703.7713452,764.0727833,859.7706472,990.3949658,1147.109591,1350.648543,1612.069963,1982.740657,2450.761025,3145.079385,4067.964386,5026.024649,5748.408232,6382.202264,6856.888619,7265.150088,7532.841822,7817.984688,8211.041211,8577.910667,8813.834428,8990.839019,9115.267322,9201.361879,9310.438369,9414.058356,9485.640828,9554.828521,9628.458478