state,0,1,2,3,4,5,6,7,8,9,10,11,12,13,14,15,16,17,18,19,20,21,22,23,24,25,26,27,28,29,30,31,32,33,34,35,36,37,38,39,40,41,42,43,44,45,46,47,48,49,50,51,52,53
AL,0.0,0.0779172846509784,1.9137578686205223,7.596251768517316,14.529523132548238,23.551524513187843,32.12379279470162,42.80529564141645,57.15847965607037,68.3484953078758,77.3513591098292,87.15390030688475,97.69870616298383,106.89704666151775,116.99348638839716,128.5143087574927,140.3290296564121,157.5528504739968,179.52279080576042,204.10774456800334,224.92532926887614,247.49947029916137,262.9653678174275,277.33905638067375,297.8627425517227,311.5912213192627,323.561776787484,335.7278089522859,343.69587653527805,352.34606210144284,366.60219125275955,383.2792241078813,393.96072695459605,407.4349493195907,426.3579137305292,449.9477134010895,476.4860671592315,496.4834699164098,536.0476799103268,565.6917892952587,608.8483962025576,646.4988483278541,672.8417253894156,750.8369273250449,843.1866802452344,934.8707188211251,1073.462329726811,1181.2178334893956,1268.0600646576765,1319.7506646891168,1362.5368227518472,1391.3607501930846,1413.3101859762558,1428.9524226124163
AK,0.0,0.0,0.03487529024501421,0.07872433938348236,0.1282839623632394,0.1427643460322219,0.1427643460322219,0.1486788689392711,0.16315925260825362,0.16315925260825362,0.16315925260825362,0.16315925260825362,0.17192906243594724,0.20394906576031702,0.20394906576031702,0.24473887891238044,0.291443214971493,0.3059235986404755,0.32917379213715164,0.3875032249446024,0.45745775450039106,0.4923330447454053,0.5361820938838734,0.6350973907776272,0.7138217301611096,0.7894868335581873,0.8333358826966553,0.8594413631139759,1.0401402353776168,1.107239478012761,1.168424197740856,1.2877344012106418,1.3432085470974477,1.5936579998511171,1.6986917687176806,1.8938710246503039,2.0890502805829274,2.3717236857267268,2.8436618238961002,3.4379694015216637,3.703103187010076,3.942131492081167,4.23928528089395,4.402444533502203,4.632499079679841,5.10158193092857,5.299820422847598,5.4862298689525275,5.576579305084349,5.681409124885151,5.821318183996729,5.943687623452918,5.96979310387024,6.057287253081416
AZ,0.0,0.12293707609904421,0.7386165569400797,2.2297670756616403,4.132475137550351,6.81654607124916,9.571860863064666,12.67709897660683,18.494905567094484,23.243060185485866,26.864236378505698,30.949657433020832,35.342586861174546,40.294200683675946,46.074231461022656,54.18807848355957,62.66145846449935,75.8783539288834,93.98522899432832,111.71335182801798,126.8187065826674,139.51502483262664,150.56842657773666,159.22173872126885,167.12715603796667,173.11561652115245,176.96411032658187,182.1334321248166,186.59727404430507,189.35258883612056,191.01406188075833,193.31474144775473,195.03784871383297,199.0284988687138,204.74689542462,209.37642073507755,215.04279270621947,221.39078614780814,231.78642483077095,246.16774316688557,266.6839861038026,283.9385858061027,306.6845958186814,342.9314826277651,376.25273211911707,410.3218764373034,441.2006213789895,471.60120405433884,497.59460852991117,516.4162417439966,530.9536338344041,541.761161427316,549.0084843150848,555.9009133793977
AR,0.0,0.013738684990775159,0.10015501358275092,0.22572659439843587,0.41023713382454624,0.56520950052049,0.7321345231584082,1.0794484797252042,1.2776977041420898,1.3994224531603578,1.6192414130127604,1.8841232596349053,2.182527497634542,2.5651498746276302,3.1539899133322535,3.6564136234449007,4.045081021833931,4.480734722891411,5.044020807513192,5.7034776870704,6.6004764301181105,7.607247266242114,8.400244163909655,9.621063712189937,11.039995098037195,12.447248601642295,14.46092766074021,16.51788357755907,18.23521920140596,19.870122715308206,21.83860150078647,23.58739871326224,25.22024142441587,27.151625760419037,28.849315064729133,30.484218578631374,32.71373237893436,34.240787215659026,37.16712711869413,41.064929437426954,45.10602624061356,48.70171487639924,52.30908139442706,56.200976078613856,59.92622051386253,63.95165521615965,67.44718883836258,70.29109663145304,72.4755475449863,73.72769129504555,72.82478491745181,73.38614758617487,75.2919779680952,76.19667037473775
CA,0.02783948653053512,0.11895053335774096,0.41506143554616004,1.027884459955594,1.9021202628867528,3.2120187213966678,4.602196135610998,5.899440282061579,7.20427701574776,8.539129777638681,9.73225424446506,10.901866999485197,11.964829212469265,13.051303137259575,14.16306037754444,15.258923801882775,16.47264948874175,18.135805722700034,19.84522612154725,21.822183985952904,24.246395855783668,26.674555870976935,28.91112960159189,31.156713202393092,33.145971058120416,34.98808457322181,36.723167916925355,38.30027482888017,39.78804229769608,41.05744695761612,42.115727075138246,43.14361153509384,44.110400976426966,44.86639488747571,45.64083878550695,46.43155612884651,47.62865404965952,48.78961125523107,50.97736464992112,54.077291475096196,58.46074517244955,62.65944591373662,68.8705619018196,77.4841496516154,86.32771686877754,95.6073010622561,105.01342837632801,113.01928013516223,119.72859638902119,126.17541159352132,132.96789198623424,137.8181126382082,143.0472287018627,146.29070604303888
CO,0.047058937933602094,0.20334323365405188,1.0368594774964506,2.7882854848702907,5.415424495931052,8.022593846983089,12.39855412715568,15.129882668696741,17.464075449890395,21.4507141845016,23.5244331394945,25.459406369731138,26.865965031215186,27.98982276666268,28.74884349621167,29.254857315910993,29.604760489107328,30.098445214366485,30.616788128505977,31.361048674570252,32.12753632047033,32.49723550445792,33.01818315685942,33.467240033229515,33.89632724959088,34.39001197485003,34.757106420575624,35.25079114583478,35.660082351404895,36.218190936344364,37.379209604329844,38.344178305794884,39.2198913094818,40.50732660778338,42.524262268664515,45.404234540357464,49.490026978142424,54.05943248657344,61.191553146384905,70.35033382325567,77.34839728718246,82.11367911291644,87.37525040217159,92.04398326299382,94.95642793835313,97.32795530130223,99.52079761947762,101.39620916812301,102.9342202872297,104.13239988775315,105.0206156350977,105.64818390702403,106.37004370403504,106.80920257500951
CT,0.01991424533284417,0.31666454902508545,1.5866885330690066,6.747563379890595,18.463871211490126,36.80741550399729,56.404996287816374,71.78356188435882,84.80972219066796,96.42169059601653,104.76014974390561,110.81464128974751,114.64126169926853,117.82249227060824,119.70172387244,121.11226950312836,121.69735564065388,122.43446320029777,123.4764550511642,123.95720176243876,124.38998599551732,124.6584075840178,124.95880415798223,125.13915429529234,125.25948121427531,125.40757588379282,125.7562154182819,126.06867273237751,126.33737480320659,126.72191607576052,127.14656632130878,127.71959171870314,128.73325485437778,129.86724490903538,131.66653904720715,133.54969740163978,136.58676005606281,140.8220432184001,146.31557010697875,152.49010808947497,158.86911768954366,164.92360923538553,172.57685005442758,180.01355851576605,186.8573273343773,193.52467276827926,199.27063375262637,203.95861539337506,208.40229692588565,212.01266546003166,214.55299391044818,216.72869533364354,218.41972329296348,219.96237610043735
DE,0.0,0.019837080888531193,1.0726193023298654,2.3280231357040533,5.708828492849441,10.72760995764783,18.014903315484684,25.666348801060998,32.93380507800932,42.00218491276644,47.12298565070584,52.325968580897744,56.89983266005336,59.89523187422157,65.84635614078093,71.98026493838461,72.74966028998978,73.43829038369165,74.30828807408865,82.1212640754716,83.01251578110632,83.72098295569671,84.10497216432472,85.31928490157266,85.70469104454983,86.29130186511068,87.32424700566348,88.5782339046885,89.83363773806269,91.55379603796817,92.99198440238668,94.428755832456,96.89847240307815,100.64342988796298,102.16096657593565,104.54991788865448,106.67531941242568,109.36749467586918,112.58535258285879,116.55276876056503,123.00973858978192,128.04977406981803,132.98920721106228,138.94033147762167,144.20282565047916,149.08133061470866,156.3289498107684,172.80506242304273,183.1897742681888,194.95032936638947,202.21636870898863,209.15934701997455,213.85648438750886,216.8717206825656
DC,0.0,0.1612300310958302,0.7773957550289392,2.420504352183897,5.970645864911827,11.090983030795963,19.071356098602948,26.49512612912369,33.889114816321,40.15346634297427,44.81886781602113,48.03114512345907,50.43727227541787,53.06316520224613,55.01435666136764,56.5260165707502,57.58171384442226,58.462830829646606,59.459992359545026,59.79785656483501,60.19322957102543,60.75085955118489,61.39680661844143,62.027349542599644,62.30565106124276,62.878685184500554,63.318216734239506,63.70023948307803,64.19830677659063,64.80009530029864,65.38647968090831,65.87119671706903,66.03242674816485,66.44320389745359,67.27913539625618,67.88092391996418,69.06909682428186,70.15457544127734,71.87162392530428,73.61742680978142,76.11084410596408,79.19167272562962,81.9500412831035,84.4732399226096,87.78923846024294,90.56198421794193,94.24357441844225,98.20552002333214,100.8314129501604,102.41598580354172,104.46987154998541,106.11298014714036,106.9930701894915,107.87316023184263
FL,0.021929684677673443,0.08180563902053554,0.3744807937633281,1.2125579152030774,2.44173769331471,3.887746646678838,5.262612164400746,6.690649019493999,8.190527707830672,9.40243378527263,10.54049595634773,11.618030335318846,12.748736051661309,13.792374867054196,14.91311677761954,16.15426243463173,17.710711328665585,20.232252587877394,23.822668095805437,28.098211650510475,33.83903993237276,39.059049843100325,44.70345269615696,48.7800926140403,52.470285859259754,55.62569278132048,59.301918074515946,62.487961371349314,65.78439804901232,68.70700577067313,71.83717725941052,74.70195765969198,76.72530863004795,78.40011263756513,80.03436302437264,81.93800864588295,84.17553488060683,86.61727257392155,89.76802351197428,93.08774010967728,96.2711294956261,99.28620505968576,102.84337684179668,107.54126470586729,113.0472917142062,118.69299824278507,124.28748894727597,129.83411613616462,134.95234623647733,140.01209717764957,144.32949802858653,147.96651993643465,150.6656404257115,152.6530937593658
GA,0.024205496945916158,0.3027099890434807,1.056188493196513,2.7568836618829256,4.670248138366532,7.1284717581658,9.28794115106839,11.608937498298786,13.516839255627286,15.358811643842389,17.36362957376757,19.213701855902322,20.84583048071081,23.224656303134953,24.778705717950583,25.93039761154849,26.720231453526907,28.05765579839854,29.78528782360842,32.69286718632195,35.806334550295304,39.59124544628202,43.725958737821784,47.83778511979791,52.19317342824148,55.73857234472055,58.53991123834851,61.29952625980899,64.13580771906705,66.22539198070945,68.35933728928384,70.38836071615495,72.0769060439619,74.88907619108704,79.98306180322663,82.5529886112666,84.62232313810988,86.94736943230009,90.03936265890509,92.62944501693114,95.22753308406381,98.09216417204063,100.74817589918005,105.74938947049581,113.78335402102752,122.31376672098304,131.08369140044624,138.91044936233584,146.4439158164839,154.0419930523631,159.0942547923352,163.9125614567678,166.9130070451182,169.68872766960496
HI,0.0,0.0,0.04025787641820729,0.3128813904081725,0.6151686028115536,0.7465364100709669,1.0594178004791392,1.1801914297337612,1.2006735072096912,1.2006735072096912,1.2006735072096912,1.2006735072096912,1.2006735072096912,1.2006735072096912,1.2006735072096912,1.2614134611038286,1.3419292139402432,1.4224449667766579,1.644922704877277,1.765696334131899,1.815842110021245,2.361089138001175,2.8350020340821773,3.400024861004385,4.7928061293676265,6.073995389413732,7.002045382633458,8.465454504361977,9.322876644216427,10.977687248564843,12.157878678298601,13.48003209329657,14.942734936491435,15.366502056683089,15.538127740360709,15.629237671201915,16.2648883514894,17.031200560502644,18.39361185191882,19.231258192830992,19.816056818695476,20.018052479320165,20.47218957645889,21.67286308366858,22.580430999412375,25.64779867106631,28.785794196085522,29.3811869999548,29.88546987298287,30.28946119423225,30.81422614473625,31.247881164399043,31.610908330696564,31.893419744157665
ID,0.0,0.013628857679861304,0.22186512502099795,0.4573591077218572,1.055127144564146,1.5349897149667044,1.842748338388689,2.0601761609092666,2.1733273746699755,2.3726890370102725,2.540038731311825,2.617057624711971,2.6623815002519757,2.8027904293724073,2.8617431625922722,2.9067500879536743,3.0290928568938247,3.327976875314969,4.016075713058664,5.120964035663234,6.556431394549091,7.6882604823347815,8.847347285480195,10.156034572925481,11.586747679132317,12.446950463856586,13.388926394660025,14.190176446164427,14.697296731926707,15.516929893789994,16.245915304573277,17.115309644476984,18.577717768543963,20.447723822292375,22.530720396060943,24.95317061111164,27.638055574044316,30.27317935893657,34.07658150215368,38.26951541487194,41.48434107642619,43.87953357611717,46.59167625440957,49.24486619948211,51.45908014719166,53.55538862846149,55.058683325568055,56.34455020015404,57.37241962935846,58.20124434640118,59.25605454078673,59.962536488889306,60.96314820273402,61.79165596959813
IL,0.048123599309482304,0.7593456309647383,5.276249045222194,19.457042692907084,45.829334691239545,78.55673968210445,114.60914963921289,154.3150361066889,199.1052367988853,241.88879531522358,277.03860799691114,308.2786580230714,341.66132737197586,368.0974111182302,386.3955703905566,398.48242789154284,406.70037183874115,414.30278137616705,420.2661906533898,426.63753137127077,433.07266383707366,440.5066407769164,447.6054312518012,455.47140143195685,463.1616645169594,471.52341968535,480.0771096742425,488.1669105488609,497.2320536746006,508.1913640522308,519.2872111534836,533.8283722192534,550.0079739684902,567.5546216841581,594.3745750714161,630.5472940267982,682.3159761956057,733.2452932601781,799.8908825364495,867.0563186006106,926.9466975179973,979.978903957047,1032.6826388519723,1085.78647111325,1126.588008830121,1162.9683307546172,1192.122278708385,1218.6943396015254,1240.0298813977106,1258.855721532233,1274.5317042189288,1288.7052233690436,1299.4172008292928,1307.8908713449148
IN,0.007891525614195465,0.10258983298454107,0.438532078380842,1.4937868835110597,3.476769439846096,5.474430233823537,7.642390150555315,10.18117285589814,12.207085311574398,14.147216883824353,15.74588214274807,17.074972886690873,18.311732780947583,19.25192914262283,20.154956418655217,20.75021419573398,21.36125502404114,21.849345883279128,22.388258167472536,22.986909300565404,23.56969846717374,24.129996785781618,24.852702701529637,25.52008902272215,26.06231574767352,26.640685659937905,27.21897665694615,27.748892601939374,28.412885567117776,29.153584161266167,30.04303801324214,31.338353027556185,32.87838425116642,34.70692965123166,36.907560484006204,39.28740786347914,42.369601022615456,45.69753628937783,50.02548568197105,54.47969948439139,59.07485593428126,62.877387551481355,67.64055458169746,71.39352741804039,74.14766985739462,77.01000511291944,80.76076832209041,93.68369392212847,96.2676161539845,97.91244683775126,99.40394517883422,100.609060055378,101.53686672183895,102.20314822944546
IA,0.0,0.006387195663123852,0.09120321249204756,0.3162404550416438,0.6514939576386329,1.1903950242854549,1.9310126423397693,2.9156805504990255,4.125088622339826,5.451397228759195,6.979273847152031,8.231164197124306,9.200978161880947,9.848164475932824,10.238674647987535,10.565461402845035,10.824217096918565,11.288996985986344,11.900088217569868,12.466766158379576,13.173368246041907,13.941465659391056,14.722337464066452,15.647589598615257,16.65127055432986,17.521266019420935,18.304365915606727,19.038447798563894,19.800306555683942,20.816761902724792,22.002997822857516,23.170072156000867,24.680866739480695,26.12808644519734,27.923334044837222,30.263869906787054,33.32794135187818,36.34967905827187,42.08968840734385,48.850312207609406,53.520837631693205,56.23910927437149,59.21628515055734,62.032147201390806,64.50012989773505,66.76416795116143,72.06702574589448,76.19642201182106,78.13604994133435,79.8611869281139,81.50566700221725,82.80018816975502,83.9247802247669,84.41288080497678
KS,0.034325170578935194,0.0786046406257616,0.29897223574252557,0.9710590756780766,2.2016164409329035,3.4081461867824756,4.2858407984858475,5.193055056887105,5.996950551845767,6.590432751155556,6.968009627523844,7.502452533437865,8.13506542720764,8.448797486299108,8.900173479412107,9.419856561977186,9.890454650614386,10.341830643727384,10.895838896871398,11.700077643535849,12.538641560779237,13.313360660745804,14.141970278521299,14.94620902518575,15.617952613415513,16.73592341917143,18.937539860104334,20.95311387649941,22.316166400188926,24.38563093439293,27.156015451818785,30.671942674219125,33.810293020251166,36.080559802341945,40.68013265991925,43.897087646577056,49.79586821056707,54.25814038582865,63.511519870498,73.2598683149156,83.03258763044424,88.75013129377747,100.4502089373133,111.13494803512427,121.25606783202909,124.92886108397516,131.14652248264346,143.6899695673038,151.77114447670246,159.73938957489648,163.4025717790805,165.59457717225126,165.82009354295485,166.66346298407933
KY,0.01589194195725605,0.07677374776533556,0.3485035722175728,1.256582565465288,2.4238568937341656,3.645298122758761,4.937022024664741,6.040280924767771,7.229714439709443,8.096161021632515,9.11302147672849,10.037216242101872,10.964544629833025,11.859865303481254,12.361916371229496,13.113314246588772,13.906344533272689,14.731158703871118,15.543438385038474,16.323710352122905,17.113383186280643,17.868138514166098,18.95192418961728,20.394061964696164,21.833066117417275,23.348620187735317,24.781133265572482,25.657428374905685,26.814854175764427,27.975637429149355,29.273852405939284,31.115527031633693,33.28354604287288,35.15722838265021,37.162299031285414,39.66919691750045,42.96576763787323,46.51504261838321,51.34350701136812,55.605904908438916,60.4789115049378,64.3384150988669,68.50478985368893,73.09644192849387,77.75860050634861,83.57505126270432,89.7270234415097,95.50833286142473,100.12572540559705,103.64612629438189,107.66544462855721,111.51532352524458,116.23187283402343,130.90864080697042
LA,0.08604382125772835,0.841938791006872,4.3637123950856935,11.391556605863801,20.14952695258168,29.623597001717005,38.05287995123036,44.64749352197581,49.88390537416801,54.69612118755962,58.06430657069339,60.63314485434287,63.392785311631364,65.16292182445598,67.1757019132274,69.11771095901432,71.14899046935615,73.79182643928726,77.12301297928022,81.7386186610979,86.725933650749,92.3127589650133,97.39235595296329,102.6565169375111,106.62679395989582,109.6658617267188,113.00629797749697,115.65816854866016,117.85852416777341,120.02489247748987,121.92108318845705,123.93687481097248,125.99590345366992,127.89489058882798,130.07674678637082,132.29861336079853,135.31315863856304,138.55830135729826,142.42403513685485,147.46985992496118,153.01366332859664,158.2713710265501,163.30493457012722,170.64339697564571,177.5114147884376,184.91118341660223,191.68111127316033,196.7514585503251,200.6389183947493,204.0929324895876,207.153511211725,210.0299561563709,213.15205621070754,215.60129358280878
ME,0.0,0.0,0.056002877329179246,0.16786354681310986,0.3004713962402338,0.5160679654401311,0.7336957270820195,0.8497638666243599,0.9450848262235069,1.0343122084966812,1.1441416855386208,1.3182438948521313,1.4383744192784538,1.463329069280057,1.4840762492232504,1.5151244765508265,1.5772209312059784,1.6436699410939684,1.6995277332487198,1.7389909006931155,1.7907863079638848,1.817772150407479,1.8425817152346542,1.8985845925638336,1.9193317725070267,1.9441413373342022,1.977365842278197,2.0229225870485656,2.039462296933349,2.0602094768765427,2.076749186761326,2.1162123542057216,2.118243546647713,2.1472605815332977,2.2385191562484628,2.4084138955035637,2.6302491272038617,2.9389903783864875,3.390785611555047,3.7949929075112485,4.329776860452582,4.76909476862034,5.2853078192349,6.406526047213907,7.449108110652979,8.00449415836308,8.746604825561919,9.239894418616865,9.42632886775675,9.675149941900642,10.201518954725156,10.340365466652681,10.514467675966191,10.584979070738163
MD,0.004796813592515647,0.05441902317026373,0.3025300710590041,1.4721255508065263,4.846435802093396,10.056767807756943,15.976035780921253,22.15747442802133,28.19484325998068,33.66271453335274,38.23738603432534,42.450642442206664,46.07074803826865,48.92749864365961,50.92413094970293,52.573573196067265,53.821240952217124,55.007377168490564,56.00693387675166,57.103419301054636,58.256474044276246,59.437978854322424,60.319269296423236,61.177071892657246,62.131803204933114,62.937502481110485,63.57779439202869,64.30327109605537,65.1208797025314,65.56036707202499,66.27873125934552,66.92861679744875,67.85010122930754,68.77869817787247,69.87518360217544,71.44423786902382,73.82130711516322,77.00655674795887,80.83937621574414,85.58177078508952,90.74479628428895,95.31483637903429,99.99354911275489,104.57285201995474,109.33906524989744,114.34379590054387,118.4387860422649,122.07774807796643,125.41666115308782,128.01818819388387,130.40716677032194,131.83678262825688,133.41989652115228,135.32687803522515
MA,0.0,0.7223562949891833,5.824230106560573,23.285017541875835,65.83782915194925,137.96707662184238,226.45237507178928,306.4992724361931,377.99097166220804,436.87826027442094,478.02801938979866,518.6786012920581,547.8198379422294,569.1066587710867,586.0466950153697,600.1813702005338,610.2988219120198,620.1082864905238,627.9515433577442,635.5180581634444,643.2660919557331,650.5774386778276,658.1446974138008,665.7960202706121,673.4696610356106,679.3891142171027,685.8508925675415,693.2158022692851,700.8038910528994,708.8271790461623,715.5969445295831,725.4703871115569,735.1838846848563,745.8860655908443,757.5337818736926,769.7446533731287,783.8793285582929,799.7994363984252,822.0749405599713,848.239712188256,875.6803242345701,905.6822882104907,942.4852627412938,982.8486875582125,1019.5348650361699,1054.6171288457476,1087.2325198703777,1120.4973620232524,1154.7813886500046,1179.5542667376872,1201.7977818974982,1222.8510086206638,1240.1421799537572,1257.1461942015098
MI,0.005707501369049341,0.23601018819033856,2.2186159269127415,7.499857062136766,16.514605145542784,25.57220955501816,34.47531090111734,41.25712423838651,46.10199184788568,49.66096941209832,52.670625002440715,55.2583260178853,59.29362961740616,60.36503776913998,61.11602479138332,61.84698549303349,62.48922959445599,63.31030873877537,63.86103255508715,64.24303462040159,64.806575281893,65.40886687373214,66.0854561149719,66.81211115769456,67.68035228701082,68.41852246407453,69.34684255517026,69.96195099218903,70.70432669657731,71.56405663964148,72.52672187055447,73.81271204744395,75.70239565861411,77.46320989676732,80.38705270336804,84.8372015339761,89.96393960582392,96.50824078085827,104.94933491087336,113.68942200734426,121.99323570969325,128.00253373008144,134.60831570933678,142.27989847055986,147.24642597766245,152.3115831136863,155.78474789415728,158.96753102602753,161.47652860154102,163.7037558463088,165.34441216090306,166.82215435747202,167.99079029568563,169.36970260012734
MN,0.0,0.017731653412846795,0.1899060080515892,0.5775199516564201,1.3197669635181872,2.654605832437294,5.030647389758764,7.7538747209037755,10.601046309404586,13.255652141841878,15.976219724974964,18.889353064171562,21.581904634912352,23.709703044453967,25.13585992844923,26.042656683982216,26.8255091821594,27.418278355750868,28.112295270329696,28.699922264431436,29.391456747532466,30.222362026458466,31.24831549292578,32.317179560652185,33.17344110395855,33.928277589743445,34.98206975206893,35.8762770336788,36.70966474408259,37.89768552274332,39.105920386294706,40.78528528102543,42.781337505709594,45.1270579356951,48.56948112926517,53.09867736050864,59.041263685290104,65.02959767587673,72.19566808614462,80.26357038898992,87.5310658567793,92.85818649160086,97.68882083086272,102.56999038235118,106.42538378390647,109.26244832996194,111.27374977658118,112.99868502058291,114.33121877455832,115.26337179447171,116.26893385951423,118.51588897999017,120.86409184145349,121.58594745189048
MS,0.0022810858229212632,0.037312046674926366,0.2769889927832962,0.8379731705202896,1.7015270891976249,2.7861833979966852,3.807946911963774,5.346539299524165,7.208720004536102,8.742587285749016,10.444114374946638,12.217821536969558,13.619059971049763,14.785183630667438,15.881408303282743,17.229204155225936,18.586124350460814,20.515760021950562,22.43610841544699,24.80338669553435,28.285464204223658,31.362648979344442,34.40952789996071,37.30275939693304,40.289026608540254,42.26998671104573,44.290377011347424,46.11280164915987,47.83290329434415,49.318053099767525,50.70756023532985,51.97388873645442,53.31695948205014,54.80194635277188,56.396425342993844,58.06992766350986,60.25797777179626,62.2107501709185,65.0062208469085,68.83518633538348,72.489648758405,75.9275709629506,80.2104725301869,85.08678228078603,90.35201716419321,94.80013451888968,99.09688553576515,102.70931080576425,105.60954849490697,107.04337386931464,109.16625009694614,111.13775998675666,112.62519087800297,113.4887447966803
MO,0.009744135794276429,0.16329827572477051,0.5231592907478759,2.15042996839204,4.598560085533353,7.10414700339264,10.180941881606062,13.33938589768187,17.409746622228926,20.76508938228563,23.35702950356316,26.381071646614465,28.234137470939793,30.475624708305936,33.13476576609572,34.70928370857776,36.09160697263477,37.824383120603166,39.42779746578549,41.95724071610662,44.44367536705992,46.87265321729523,49.12858865601151,51.763873381339444,54.96062193122724,58.4550706298643,61.19115675996061,65.72721997453758,71.66979879031594,75.97536279265587,84.17891711738895,89.38194962684999,96.83654951415403,104.61740994822506,111.16009312705782,118.19670318925564,126.97616953989869,136.41319705431414,151.6006087060829,163.72533767630586,180.71306241723784,192.47322630688183,202.62527178578762,215.33095285215893,225.6704889439339,235.90418356070208,245.35061920622925,255.50770475537345,265.76995977015935,276.3110986714711,283.48715067693183,290.92730236288577,295.0890563610895,297.36884813226754
MT,0.0,0.0,0.29379347254528065,0.5482897290176258,0.6147207371409217,1.0694456659848912,1.376338210554484,1.4970368027785004,1.4970368027785004,1.4970368027785004,1.5372696668531727,1.5906016029521566,1.6841664031258128,1.777731203299469,1.9246279395721095,2.058425603820438,2.1791241960444543,2.9538407414823284,3.676160998822955,4.62490807258383,5.8945824109403455,7.138058605248238,7.819210350512455,8.741759280224706,9.851437810284269,11.080879284566112,12.911942423964566,14.863704155587037,16.386939102414157,17.790411105019,20.16976397343508,23.59142871578569,28.79082466143577,36.39670726755229,42.83957940751026,49.99073708478281,58.03730989971724,64.4259144555745,70.32049686651484,77.09739534309276,82.88531388183515,87.40262243421927,92.76294983616803,99.32558492034829,102.22609372573163,108.97585841025919,117.54452281016263,123.15841082058202,124.50761523908614,125.83155716154337,127.70285316501648,129.5601144484636,130.65669390649882,132.8620162465919
NE,0.0,0.0,0.03270378078588997,0.09944619055301236,0.19069259933463537,0.3255122670642226,0.548908647184748,0.7614355491431991,0.9643324748352512,1.2763055673467147,1.5051366865482771,1.7489371747976086,1.9151257751177433,2.1901998496579544,2.44630001056437,2.6287928281276156,2.7418735395330547,2.8495195118574568,2.9720395069299594,3.1028546300735194,3.2363394496077644,3.3915632254661574,3.503309088676254,3.67903231896312,3.8465557674785975,4.015414064189417,4.304218005881722,4.444472412692346,4.661099205536493,4.847691913985433,5.061553664139227,5.431974038346756,5.899170906716614,6.329659449714552,6.975249244761961,7.811626985443671,9.209117699667546,10.244292475155616,12.050437429753613,13.663124742326625,14.725568559519546,15.515607998562942,16.663768139156783,17.549153877867493,18.279220494420144,18.927575332157907,19.40430683049449,19.962750107645974,20.32106150179575,20.717416069512794,21.022524228448212,21.21865156686388,21.331732278269318,21.480186466851332
NV,0.07479706375596736,0.6744858029924073,2.8685330065007832,7.780206859809306,15.615527345544063,21.970653306423888,28.850670942784184,35.50498515868787,41.54123942671331,47.61554834121108,52.057444144964585,55.28290349079209,58.24460476969065,61.299474320987,64.16800732748779,66.49196522067759,71.47843613774208,79.12742007868127,87.67528101388075,98.88565497295497,112.41998682521896,127.51062249528255,143.9331707918778,159.9987927491464,172.78252950547332,183.61891814576765,192.9541165941879,202.15809212373796,208.53158929325963,213.70570898430833,219.72359204369198,225.70342045660328,230.16499969818727,235.67636229073224,244.11268374489214,252.82851001624542,267.67638328639924,284.58445638281404,308.1862105707935,338.7047248124168,369.5237395382528,395.243431636796,423.73717624025335,462.0923231968002,498.90953754418933,533.5523881259005,565.7020032490794,596.1076657804746,620.7408321107732,641.5107957095354,651.9535155932194,662.4880915201124,672.9675538210803,680.1848143589367
NH,0.0,0.029466379378083628,0.16232356359154843,0.6353364957134171,1.3590721295610855,2.2079106372595647,3.182885926857209,4.829901447884832,7.097261797924739,9.194544274010447,11.077807784086914,13.027241409258025,15.036124747209483,16.690377624575582,17.73152302926787,19.090595158828958,19.762635390258932,20.264597747734708,20.633702920997017,21.187877634914663,21.564220164515447,21.689839992390436,21.941079648140413,22.19231930389039,22.332413844442332,22.376871890521546,22.561424477152702,22.642586258948473,22.70151901770464,22.989462409171175,23.588095169168035,24.171219308439586,24.570307815104158,24.991108390784156,25.337984541006858,25.906633967601454,26.438579658479494,27.33187621225719,29.252360412074392,31.423567313617397,34.14119461871539,37.287376809856035,40.79490986389634,45.09338257492731,48.37965930661991,51.33353460076675,54.8043639190905,57.167877717627306,58.770435192575704,59.73041881547223,60.55754525415527,61.222348129246775,62.056711924268306,63.06115359324402
NJ,0.262555793106035,2.752790850408653,18.58556708006334,82.49620691455758,193.18149224357236,332.7699783262767,461.2531633560367,595.2419300866139,691.207911092872,770.6887713639147,822.3806382385668,863.671030093895,900.0655286307165,931.6582715003409,969.460422104403,1103.6904165664616,1123.6108261240809,1144.885935320079,1155.4764210924234,1161.6336118484003,1164.9431386522579,1167.7797708483643,1170.6686200229312,1172.1395208246458,1172.8330505526542,1176.32129180392,1179.54697726208,1182.0791329922315,1184.905468882726,1187.2272857982323,1189.8954998525421,1193.1734022891628,1198.710608357217,1203.6697504101974,1209.7320680644639,1220.616733997151,1235.7773085604222,1253.5752082611673,1279.6204487571256,1311.9912981508571,1345.349121982539,1379.0746710146495,1422.045567035936,1469.7027530114854,1508.4087721582011,1548.3540252303615,1585.473677862428,1622.9603202445226,1655.393682922327,1685.9464989251394,1714.1245455835833,1736.7661216243744,1761.0462811582756,1780.3886267008209
NM,0.0,0.0032649605558989388,0.04345775084748243,0.1463603007816766,0.34101950082130644,0.6931849014713714,1.1660412578429418,1.7370716005849907,2.3675467424137513,3.055890495474652,3.5962977598993042,4.08198878880096,4.519493503291418,4.964991741901491,5.321998290962026,5.572949914379223,5.839888586035652,6.184173047412856,6.526656151241981,6.97057820199748,7.391983283401954,7.745837456753346,8.093274293839695,8.432605021959674,8.770359562225082,9.07107368790805,9.301084529828792,9.582546646716631,9.830233309577931,10.055403003088202,10.286990032863516,10.568452149751357,10.989857231155831,11.697565577858613,12.734922355860437,14.013548460458514,15.787660475625945,17.74010688805351,19.954875993420544,22.348092080894464,24.69143308125586,26.828968981748872,29.095189362083,31.211784481079555,33.31869730325516,35.54945345686143,37.16583410172491,38.5345280837271,39.872711572258645,40.940691428577864,41.984465542844724,42.98815945166676,43.469009332157945,43.89840793768204
NY,0.7291963245453015,11.139201146111581,78.88769184325474,301.2982937569063,620.269940944159,876.9570623069405,1061.7122330910152,1188.3930449264103,1288.2719573222232,1347.735556881367,1389.1995961520943,1419.7490591745916,1442.4976953294713,1461.3766787849652,1474.8322347697404,1497.7787888282735,1521.7535621645827,1529.2954265703117,1535.7885645419822,1541.354588285454,1544.904233964715,1543.4940092873574,1546.7436781921654,1549.2236133704753,1551.9286503572775,1554.5788426237905,1556.758801027647,1558.9187291858325,1561.1873929633746,1565.4113902468919,1568.8518233961852,1573.0557904340317,1577.5249197717126,1582.8186275561814,1590.1969116222638,1599.7489542542573,1612.6393711647445,1629.385610366892,1652.0999089577642,1683.7467432966637,1725.0128646637374,1771.0552458021136,1820.7016404294295,1879.3277849552824,1943.9625262718134,2006.7649770200621,2067.107522835672,2123.2537321832156,2172.416539450761,2215.4815676433323,2253.0826309632307,2285.8802506069883,2314.6651443679957,2338.074778630017
NC,0.0,0.013960331879294425,0.2642723290638526,1.470380071658708,3.362492029624473,6.5675245020057424,10.750754182580362,14.924893414489395,18.862680981093163,22.540741442965874,25.708438144042056,30.327684701683943,34.15865949646707,37.799708845915596,40.96740554699177,43.991278363823135,46.69536218295437,50.54938775828238,54.78845876637417,59.630421316322945,65.78530438068721,72.19017478335513,78.17331329971599,83.90126993567858,89.2441811388774,95.39873954436074,101.18221284895961,107.0910044815912,113.58872732420046,119.35856495580094,124.17747672520483,129.9284841417123,136.87163896893534,144.5196282266223,151.39785127766257,157.60338112744938,165.35818315695698,172.74644530991287,182.39335929738624,192.25357416961998,204.61853230810388,215.2394229383187,228.21668772620606,247.97445324197867,265.1628683741992,285.4540484313132,306.45493280210485,327.1587542968603,343.60954445164464,357.1017182246614,366.98498387743996,375.33813222447174,381.28880485274124,386.2187499594176
ND,0.0,0.0,0.01100055665900963,0.01835139592180578,0.042614305936070004,0.06096570185787578,0.09103731702386006,0.13514235260063698,0.1887058107253474,0.23203977924658628,0.28200492444545244,0.33705911221086976,0.387024257409736,0.3994641392390832,0.43107788851614365,0.4523593392489941,0.4574997862859144,0.46927141000046213,0.49934302516644635,0.5353261544248891,0.5639584444205357,0.611713197393526,0.6675384522144816,0.72187297739473,0.7607861614642173,0.8202611336813861,0.8966481766500232,1.022948960347157,1.2292865044091412,1.4716585821999377,1.810157019581145,2.128864735870209,2.425571338841254,2.836036034739347,3.3904846521415797,3.894248461759778,4.440626577314045,4.848932285456632,5.367346369130053,6.023113197629987,6.391786059117917,6.581982599483972,6.825022935389567,7.00493858168178,7.232608980946985,7.3868223920545955,7.436016470197924,7.48084116835987,7.513123175751729,7.5476669798398355,7.585809096853784,7.6078616146421725,7.651195583163412,7.676178155762845
OH,0.0,0.05740390620321496,0.3886526764250456,1.2551009059722307,2.5408286352242686,4.4876851083488045,6.835427877253167,9.469163579745231,11.962340984335833,14.433446544216407,17.021926410074343,18.98837378412367,20.6223746909514,22.038822492749656,23.257308090443235,24.270474202462122,25.194411887998225,26.199023021447328,27.27446937745421,28.709310383177492,30.377531204284335,31.60328853376222,32.9648133731425,34.23214789846951,35.520271021721086,36.68255041021122,38.23955650991094,39.713408217912416,40.77670650435021,42.2689514162767,42.87635489473099,43.576579890667375,44.70951570266317,45.82653925451917,47.50331505419579,49.33408046812843,52.08878356759716,55.63670428005578,60.37368146392793,65.10458461301555,69.95038112429528,74.00176232558536,78.55301092470764,83.28271637679548,87.91583612083052,92.33388370362132,96.4121275376205,101.19684150191205,139.07092932732203,144.55467059055016,145.82696700344766,150.31584980879623,153.32968320914355,157.05229658399705
OK,0.0035380597937159516,0.07581556700819896,0.5163040113258348,1.4549007308873378,2.664411743224805,3.8630558576244307,5.115781743156571,6.151927825601956,6.938893411147062,7.3867106936088245,7.971501433798732,8.502210402856123,8.856016382227718,9.130468734797399,9.354124657471587,9.754936288388265,10.159285979098659,10.762272455370534,11.592452914110313,12.77669207077838,14.199244826408886,15.502514423279825,17.02969266138165,18.70471125514946,20.38705868706139,21.64357535094394,22.97211680348428,24.149027122008224,25.611256691039685,26.816976925026744,28.094974666228286,29.921877112569184,31.9292206083896,34.449077337185436,36.64772878042321,38.907790832937614,41.64068930502649,44.427922266804586,48.33419299762368,52.504049183074635,56.43205370976942,60.59837183542664,64.95220713015081,70.43999058876095,76.24872661437246,83.48380617396488,90.33955517995962,96.82380790761418,102.09829690437458,106.37277857229684,112.66547063397738,116.39130031531693,119.74538099975966,121.44920950899059
OR,0.037223752927221396,0.15577073677187553,0.3793503483028932,0.7418670248998456,1.290502466132905,1.7950384293757529,2.232002611827148,2.6419380819619622,3.0789022644133577,3.312439822587326,3.5123100373494127,3.6782758147319283,3.9324405480948674,4.257496377796908,4.552204179634718,4.918040171779322,5.256610357639654,5.74099333362891,6.31357526559859,7.0687195526890365,7.925814245885887,8.694472889134623,9.399116161107248,10.211874282346196,11.048578894321764,11.600770745070164,12.146086870755573,12.613399081071199,13.101101372608108,13.707350647989669,14.317156332886569,14.953753636132362,15.675230579810927,16.49486442611287,17.4366016657748,18.398491892690323,19.95643635437677,21.978610804798876,25.169184327993893,28.424247410400408,32.33274146775866,34.39901539617098,36.33962952170797,39.13401902489416,42.95455122023967,45.12917709188601,47.113890695413204,48.46200699569461,50.67717593581581,51.578133013035185,53.01089185978168,54.731482783302994,55.50369783606707,56.34040244804264
PA,0.0022652729978130744,0.05358542332757824,0.4318860139623616,1.6392765217967304,5.085147315780383,11.03734739968922,16.19053101826599,23.827781761099775,30.696089490469024,36.090407514019894,40.52831165532169,43.97418244930534,47.24937663983307,49.32827234892953,50.819134432938505,52.170486945427,53.30866945753507,54.45802210890823,55.388736859561426,56.170959059564886,56.94091754023535,57.81359443442734,58.991926957600114,59.82999985392895,60.602223607597224,61.36101194900262,62.01044228361702,63.10292877145888,63.986697692053944,64.88835445804554,65.96404668055878,67.01638315733594,68.35992438362508,69.6610503258517,71.39179700904289,73.71620144338507,77.99014668736241,82.46710725966098,90.20582661022439,100.0290657959478,110.46385057821874,119.49932155073716,129.44191718958672,140.65892417186112,152.1292511655806,162.31743364253788,170.3496230156111,176.36095453604904,181.21293495877867,185.1631805026547,188.24418611826647,190.74043884899447,192.60624267057253,194.31355549516564
RI,0.0,0.0,0.525788659389953,2.576081241427615,6.918321516461338,14.847629844783787,22.007606472203527,31.67664280637101,41.03511456434587,48.53303076099649,58.768446261472725,68.39689208872142,74.95084300819079,80.58725967824,85.2674395225046,88.89415411743495,91.07943373410953,92.67001522615992,93.8433640656962,94.78732934287744,95.3131180022674,95.87949716857617,96.62145387644061,97.7542122090581,99.00874206243196,99.89890131881388,101.57066382470187,103.40478835826504,104.84716730179797,105.89968858585506,107.27504599470814,109.51318766690486,111.79286381129756,114.09802701817418,116.44472469724673,119.77597816041933,123.87561935921748,129.2156309322318,136.72676264276296,146.23343694925526,156.84643856060399,164.0885401671385,173.36583091127576,184.04585405730438,191.47674871927512,199.09549247140492,205.35303829383938,211.0838514916067,219.36431490304065,229.9631570352316,237.6234352595574,240.71114568121726,243.30044243652543,245.53858410872212
SC,0.011070725621970845,0.108182353884873,0.39116563864296994,0.962764682598412,1.7590800343542095,2.5081991347742365,3.723454050856194,5.543714411016032,6.700702350140249,7.65239630711669,8.60409026409313,9.733304277534156,10.868150765414432,11.761577745433131,12.885353507691434,14.233845577750094,16.336894999411502,19.072723790833983,23.279016857413325,29.67168112270365,35.284733236299395,40.16808857512769,44.740686703514704,49.10235837531469,53.10627080859415,56.4523490720207,59.92350711264987,62.59543645267537,64.98146915909487,67.27621693494726,69.27671647716305,71.36869517320247,74.36536579813911,76.74032777893665,78.57437799030981,80.4777659042627,83.30235472391746,85.29178354051129,88.73788678104862,92.24769524972643,96.30968043670711,100.54666077781752,106.4759083530373,113.19059477764738,120.94554096420971,128.00982925056627,140.06274188078808,149.21065726315348,155.8336703106834,161.8240982117088,166.30774208860697,170.0785866140555,172.60348894889094,175.2031672374888
SD,0.11303790500068388,0.11303790500068388,0.1288632117007796,0.4521516200027355,0.694052736704199,0.8715222475552727,1.3406295533081107,2.712909720016413,4.102145572474818,5.086705725030774,5.780758461734974,6.992524803342304,7.589364941745916,8.590880780051975,9.333539815906466,10.366706267612718,11.061889383366925,12.41834424337513,13.338472790080697,14.065306519235097,15.308723474242617,16.51935943679994,17.34340576425493,18.18327739841001,18.910111127564406,19.571382871818404,20.944793417576715,22.86643780258834,25.061633917701624,28.405295147621853,32.619348246047345,36.78592542437256,42.53503327270734,50.10857290775316,61.04046870036929,72.66754760873964,91.64095996310444,108.11284347980407,126.11752098831302,142.63801080416295,155.37851307679006,164.1638190534432,171.0263502660347,179.22951103193432,187.1907706811325,193.73114386447205,201.01417608366614,204.6472143503881,208.18304001880952,210.5251854104237,213.44834563374135,214.85227641384986,216.16125535375775,217.37189131631507
TN,0.0,0.029286118643338122,0.2092493177066509,0.9414022837901042,1.7404740309735849,2.303206800705327,2.7256590621354793,3.2257195379704777,3.7443766991439964,4.376224708874016,4.915821444877521,5.442971580457607,6.183617520947629,7.016075443384514,7.75877141217957,8.616415396649726,9.572314309168284,10.932068797778474,12.465489969943656,14.260289751000634,15.9944672664659,18.107167865396313,20.24710455466503,23.163269818575422,25.386818376570872,27.363631384996193,30.40938772390336,32.5179882662237,34.89236033523235,37.71217426880615,40.412793699501584,42.579966479108606,45.93952357927913,49.44536484207315,52.963945566476994,57.386149481621054,62.75385573716528,66.84761583172431,72.92448545021698,80.4426713977415,89.56734738344637,96.15262402158739,104.07656914291539,114.76190239112373,122.67750096863838,131.23109764079814,142.0920011702733,153.5052408973618,159.021574205021,162.33500566832825,165.9707308673055,167.99776956920414,169.070812956296,170.38239177973793
TX,0.003931592904523232,0.03400482985842023,0.1665408959293218,0.5503195436620808,1.138092682888304,1.8219484346759456,2.4653846523925242,3.1965229820056162,3.952285498757565,4.767194347362648,5.349035609575029,5.907252826703213,6.457572370365295,7.025618569754787,7.696162085918343,8.454407713978409,9.575256568338103,11.665208586005715,14.587796108005822,20.49501444705198,26.836328925477382,31.752303025384887,36.81312528493272,41.082179913760854,44.630959824948924,47.56092770555928,50.25441372172826,52.665618264883896,54.921111036426176,57.130769711739404,59.0709418348075,60.71010568708018,62.456664103429034,64.45546524349442,66.79272824991935,69.79167144464415,73.25474952804504,76.2413806292004,80.59223998056828,85.18499575853549,90.37097372554399,94.56218971239397,99.54565615716245,106.46881189780024,113.94770174425808,122.00895016778418,129.63417114313583,137.18451941501624,143.00896737712503,146.88686299961017,152.40195667791573,157.39673507419897,161.22045058744723,164.31299328342533
UT,0.0,0.022146266420208872,0.1291345675769926,0.33406551177526345,0.5836009080593071,0.9089326809646289,1.3278402274764673,1.6531720003817891,2.170022189935114,2.6067091334321906,3.105779926000278,3.5290543419470874,3.8855780393879145,4.482591474997489,4.972928528695635,5.2982603016009575,5.953290716846571,6.875635925361468,7.8469524553971075,8.947715472255096,9.963636454376507,10.77899336173462,11.545378947571988,12.280572608873854,12.802101587107504,13.247522269474523,13.57753283106017,13.764684378273204,14.165500608554447,15.163642193690622,16.246625813563373,17.128733439427467,18.03329925095712,19.205179855756064,20.791601137631876,22.689941664862733,25.109499251081893,27.47103985766501,30.015677061271546,33.38440491110613,36.458992912570906,38.41503850019245,40.92380499058316,44.114426951320006,46.90828763196523,49.9114461262437,52.36219563699837,54.48324650541274,56.06530091785357,57.99483336961994,60.51233359888059,61.91597020297832,63.2840480131056,64.5672837884963
VT,0.0033975672715390827,0.05354097389977106,0.15394494464835706,0.25270871050723454,0.32136300089074843,0.4401606979024943,0.5338866916001241,0.602540981983638,0.6209347082467979,0.6292528901874626,0.6342906623487101,0.6443662066712054,0.6443662066712054,0.6460064115609139,0.6560819558834091,0.6560819558834091,0.6560819558834091,0.6560819558834091,0.6560819558834091,0.6577221607731176,0.6694379099853214,0.6795134543078166,0.6795134543078166,0.6795134543078166,0.6795134543078166,0.6795134543078166,0.6795134543078166,0.6795134543078166,0.6795134543078166,0.6795134543078166,0.6795134543078166,0.6795134543078166,0.6795134543078166,0.6795134543078166,0.6895889986303118,0.6962669756812679,0.7414897676403743,0.8217426497439698,0.9640890026722453,1.1531811949572135,1.3155614790383574,1.5012561040517862,1.6987836357695412,1.844410398477234,1.9213828708014125,1.9999955480152996,2.058574294076318,2.159095422317026,2.229389917590248,2.3213585489060478,2.405126155773304,2.4502317902402884,2.5154885133522638,2.575824621795113
VA,0.20673441358741904,1.075339469125257,3.2516598850300245,10.118768119309797,25.138263655288796,48.58098460069007,76.03178902192185,108.42659085336442,139.67714174448588,165.20483534164865,195.26466011420075,223.79080400455777,237.9160530073447,249.82171160068526,261.47416060219007,280.70526884288023,300.4395910825351,316.62577385178264,326.2188916791802,335.6966228571337,358.11047951165807,374.3431374591539,383.4779138734817,397.2826444055905,416.0329749402634,430.2271354142461,447.42134877377646,486.20408372583495,509.0298066151807,526.3602403247493,539.3412383872152,555.0466434504455,575.3082185743659,587.0295790470666,595.9576210478069,613.1293981143898,635.2211337058826,654.1092871829471,678.6065138968796,712.8106424953004,750.9523405060024,785.5218601609964,827.532216112784,872.8182708349025,925.5884318473562,983.3041928623741,1041.867725232336,1096.4247767188203,1126.2105581989426,1202.8593452769198,1408.9078493370878,1551.469657317677,1613.2383743944206,1622.5334100440875
WA,0.6828723660332456,1.4820956775098482,2.907854384821954,4.9395309953797115,6.995633425184044,8.691652003514692,10.169939354367816,11.246776546958703,12.524273157876284,13.507346721746451,14.222130238730866,14.893708946402793,15.413348552632323,16.086897084437034,16.797872274764728,17.37949568037266,18.062368046405904,19.08286826879905,19.98531036483375,21.221571990571633,22.165249071786036,23.341496722278304,24.624640162376544,25.68085986237758,26.36557073093476,26.92841514647678,27.53065604467456,28.21536691323174,28.9864874004139,29.609214469592683,30.239558192084907,31.00319334756247,31.838004815038108,32.76093308205382,33.845386927958145,35.04041356851633,36.48114293923762,38.13014838159906,40.51271633101082,40.71153724681358,42.06047281294695,44.22911786153791,47.16323656813037,50.35054333659055,52.641186159805535,55.5865985247593,57.910991001449396,60.285942297547706,62.70606822709131,64.78278814948548,66.29679497794652,67.37730917558527,68.25716395489734,68.82946352627673
WV,0.0,0.00498073486105639,0.03933063045454873,0.10064519408893256,0.2821843923005396,0.5446175946348212,0.782662371097723,0.9028870056749463,1.0870024460560652,1.2194212935689783,1.2807358572033618,1.4009604917805851,1.4892397234558603,1.5187806336662641,1.5874804248532488,1.6094643580330834,1.6414097609350315,1.7027243245694155,1.7690196230648556,1.9727145039342653,2.2327432135770025,2.6743111214313466,2.941896808104652,3.4767246824953277,4.092618310486645,4.490046602503352,5.130328656366049,5.628402142471688,6.084912254909201,6.445586158640871,6.781699887023193,7.188917899284045,7.689395878081228,8.44509358113806,9.716039718097278,10.940441746527311,12.226158338591729,13.818447748828067,16.05119096240507,18.627433131916995,21.125185789997794,23.176389805363186,26.353755147761227,29.592435053793654,31.950383636808937,34.19532106332163,35.93978051103714,37.625329887809805,38.52838864296272,39.34780540234548,39.772198362403074,41.91906683699635,44.407029774833006,45.11360712719114
WI,0.016181708308526027,0.30298853832860806,1.315182292523995,4.647498224197011,8.967456352631787,12.889567652653492,15.998129617715511,19.36225097606391,22.829600473621863,25.866739726149696,28.95967797284486,33.503390067890635,36.74754358877927,39.51349972965387,42.17622773131892,44.009224689715744,45.221178843030174,46.3767760122356,48.0747394047475,50.6732985631201,53.814223944799174,56.54837465899839,58.91592598151825,61.33927629820544,63.47526179493089,65.9147938199266,68.31415056912184,70.16332923582719,73.08050065089527,78.12640369344703,83.9055055193575,91.54996772028187,104.23252110457457,119.90422660641119,137.32132464580195,157.92733520185564,180.84454009632023,199.61699570403545,224.34376197934657,245.36435906206356,268.7759430448507,285.0848730600783,297.72725116857043,313.17576069373774,331.72502032478366,347.83474793083377,360.58928201760233,370.91990779774204,377.8389830744911,385.28424286623806,392.8009253705193,397.5996388689097,400.97157208644154,404.31169987729805
WY,0.0,0.0,0.0,0.0,0.14859380156507285,0.6669442721409083,1.2094844313436162,1.2094844313436162,1.2094844313436162,1.6051586238831705,2.221995683868415,2.838832743853659,2.987426545418732,3.1101028234550134,3.4556698038389033,3.4556698038389033,3.5299667046214402,3.75112957206713,4.221100665389221,4.3938841555811665,4.590857334399984,4.912234626157002,5.553261374769118,6.392989137101971,6.6884489053301985,7.256906588061698,7.7251498464818695,8.516498231560979,8.713471410379796,9.181714668799968,9.553199172712649,10.316902199361047,12.884464863613353,16.068864587850904,20.215668352457584,25.794847250755492,33.618483686646776,38.92639250534332,47.613946392194336,56.550308504921745,62.2763533698828,68.42226211601029,78.2208138447955,86.9342852551753,92.26638376249873,100.50988407955643,105.05236203670266,109.52054309306637,112.90191599612272,115.04961477920862,116.75153215759929,118.50528458304751,119.54198552419919,119.88755250458308
